{"cameraMode":{"drawMode":0,"name":"Shaded","section":"Shading Mode"},"sceneLighting":false,"audioPlay":false,"sceneViewState":{"m_AlwaysRefresh":false,"showFog":true,"showSkybox":false,"showFlares":true,"showImageEffects":true,"showParticleSystems":true,"showVisualEffectGraphs":true,"m_FxEnabled":true},"in2DMode":false,"pivot":{"x":-0.014188989996910096,"y":0.8363302946090698,"z":0.03942926973104477},"rotation":{"x":-0.061128437519073489,"y":0.685040295124054,"z":-0.05790909007191658,"w":-0.7235040068626404},"size":0.13817182183265687,"orthographic":false}