{"cameraMode":{"drawMode":0,"name":"Shaded","section":"Shading Mode"},"sceneLighting":true,"audioPlay":false,"sceneViewState":{"m_AlwaysRefresh":false,"showFog":true,"showSkybox":true,"showFlares":true,"showImageEffects":true,"showParticleSystems":true,"showVisualEffectGraphs":true,"m_FxEnabled":true},"in2DMode":false,"pivot":{"x":15.003802299499512,"y":0.16277720034122468,"z":-1.5850709676742554},"rotation":{"x":-0.025269003584980966,"y":-0.7213545441627502,"z":0.026049640029668809,"w":-0.6912137269973755},"size":6.289315700531006,"orthographic":false}