{"cameraMode":{"drawMode":0,"name":"Shaded","section":"Shading Mode"},"sceneLighting":true,"audioPlay":false,"sceneViewState":{"m_AlwaysRefresh":false,"showFog":true,"showSkybox":true,"showFlares":true,"showImageEffects":true,"showParticleSystems":true,"showVisualEffectGraphs":true,"m_FxEnabled":true},"in2DMode":false,"pivot":{"x":2.3877499103546144,"y":1.8486906290054322,"z":-0.10332394391298294},"rotation":{"x":-0.06668470054864884,"y":0.6949911117553711,"z":-0.06505442410707474,"w":-0.7127504944801331},"size":0.09440927952528,"orthographic":false}