{"cameraMode":{"drawMode":0,"name":"Shaded","section":"Shading Mode"},"sceneLighting":true,"audioPlay":false,"sceneViewState":{"m_AlwaysRefresh":false,"showFog":true,"showSkybox":true,"showFlares":true,"showImageEffects":true,"showParticleSystems":true,"showVisualEffectGraphs":true,"m_FxEnabled":true},"in2DMode":false,"pivot":{"x":0.6778604984283447,"y":1.5932393074035645,"z":2.732689380645752},"rotation":{"x":-0.0350935161113739,"y":0.1721009463071823,"z":0.006411212962120771,"w":0.9841533899307251},"size":0.9370185732841492,"orthographic":false}